,OPERATIO_E,OPERATIO_F,OWNER_E,OWNER_F,FAC_TYPE_E,FAC_TYPE_F,FAC_DESC_E,FAC_DESC_F,COMMODIT_E,COMMODIT_F,COM_DESC_E,COM_DESC_F,COM_GROU_E,COM_GROU_F,CITY_E,CITY_F,PROVINCE_E,PROVINCE_F,LATITUDE,LONGITUDE,PRV_WSHD_I,NHN_TWS_ID,Longitude,Latitude
1,Nugget Pond,Nugget Pond,Rambler Metals and Mining PLC,Rambler Metals and Mining PLC,(C.),(Con.),Concentrator,Concentrateur,Cu,Cu,Copper,Cuivre,Base metals,Métaux communs,Snook’s Arm,Snook’s Arm,Newfoundland and Labrador,Terre-Neuve et Labrador,49.845,-55.7753,NA,02YM,-55.7753,49.845
2,Ming,Ming,Rambler Metals and Mining Canada Limited,Rambler Metals and Mining Canada Limited,(U.),(Sout.),Underground,Souterraine,"Cu, Au, Ag","Cu, Au, Ag","Copper, gold, silver","Cuivre, or, argent",Base metals,Métaux communs,Baie Verte,Baie Verte,Newfoundland and Labrador,Terre-Neuve et Labrador,49.915,-56.087,NA,02YM,-56.087,49.915
3,Voisey’s Bay,Voisey’s Bay,Vale Newfoundland and Labrador Limited,Vale Newfoundland and Labrador Limited,"(P., U., C.)","(C.O., Sout., Con.)","Open-pit, underground, concentrator","Ciel ouvert, souterraine, concentrateur","Ni, Cu, Co","Ni, Cu, Co","Nickel, copper, cobalt","Nickel, cuivre, cobalt",Base metals,Métaux communs,Voisey’s Bay,Voisey’s Bay,Newfoundland and Labrador,Terre-Neuve et Labrador,56.331659,-62.090855,NA,03NE,-62.090855,56.331659
4,Caribou,Caribou,Trevali Mining Corporation,Trevali Mining Corporation,"(P., U., C.)","(C.O., Sout., Con.)","Open-pit, underground, concentrator","Ciel ouvert, souterraine, concentrateur","Zn, Pb, Ag, Au","Zn, Pb, Ag, Au","Zinc, lead, silver, gold","Zinc, plomb, argent, gold",Base metals,Métaux communs,Bathurst,Bathurst,New Brunswick,Nouveau Brunswick,47.5655,-66.2917,NA,01BK,-66.2917,47.5655
5,Raglan,Raglan,Glencore Canada Corporation,Glencore Canada Corporation,"(U., C.)","(Sout., Con.)","Underground, concentrator","Souterraine, concentrateur","Ni, PGM, Cu, Co, Au, Ag","Ni, MGP, Cu, Co, Au, Ag","Nickel, platinum group metals, copper, cobalt, gold, silver","Nickel, métaux du groupe platine, cuivre, cobalt, or, argent",Base metals,Métaux communs,Katinniq,Katinniq,Quebec,Québec,61.687171,-73.674669,NA,03HC,-73.674669,61.687171
6,Nunavik,Nunavik,Canadian Royalties Inc.,Canadian Royalties Inc.,"(P., U., C.)","(C.O., Sout., Con.)","Open-pit, underground, concentrator","Ciel ouvert, souterraine, concentrateur","Ni, Cu, PGM, Co","Ni, Cu, MGP, Co","Nickel, copper, platinum group metals, cobalt","Nickel, cuivre, métaux du groupe platine, cobalt",Base metals,Métaux communs,Kangiqsujuaq,Kangiqsujuaq,Quebec,Québec,61.420856,-74.1375,NA,03GD,-74.1375,61.420856
7,Nickel Rim South,Nickel Rim South,Glencore Canada Corporation,Glencore Canada Corporation,(U.),(Sout.),Underground,Souterraine,"Ni, Cu, Co, PGM, Au","Ni, Cu, Co, MGP, Au","Nickel, copper, cobalt, platinum group metals, gold","Nickel, cuivre, métaux du groupe platine",Base metals,Métaux communs,Sudbury,Sudbury,Ontario,Ontario,46.657982,-80.796793,ON-02DA-01,02DA,-80.796793,46.657982
8,Garson,Garson,Vale Canada Limited,Vale Canada Limited,(U.),(Sout.),Underground,Souterraine,"Ni, Cu, PGM, Au, Ag, Co, Se, Te","Ni, Cu, MGP, Au, Ag, Co, Se, Te","Nickel, copper, platinum group metals, gold, silver, cobalt, selenium, tellurium","Nickel, cuivre, métaux du groupe platine, or, argent, cobalt, sélénium, tellure",Base metals,Métaux communs,Sudbury,Sudbury,Ontario,Ontario,46.568,-80.857,ON-02CF-02,02CF,-80.857,46.568
9,Clarabelle,Clarabelle,Vale Canada Limited,Vale Canada Limited,(C.),(Con.),Concentrator,Concentrateur,"Ni, Cu, PGM, Au, Ag, Co, Se, Te","Ni, Cu, MGP, Au, Ag, Co, Se, Te","Nickel, copper, platinum group metals, gold, silver, cobalt, selenium, tellurium","Nickel, cuivre, métaux du groupe platine, or, argent, cobalt, sélénium, tellure",Base metals,Métaux communs,Sudbury,Sudbury,Ontario,Ontario,46.495822,-81.056782,ON-02CF-02,02CF,-81.056782,46.495822
10,Copper Cliff Complex,Complexe Copper Cliff,Vale Canada Limited,Vale Canada Limited,(U.),(Sout.),Underground,Souterraine,"Ni, Cu, PGM, Au, Ag, Co, Se, Te","Ni, Cu, MGP, Au, Ag, Co, Se, Te","Nickel, copper, platinum group metals, gold, silver, cobalt, selenium, tellurium","Nickel, cuivre, métaux du groupe platine, or, argent, cobalt, sélénium, tellure",Base metals,Métaux communs,Sudbury,Sudbury,Ontario,Ontario,46.491445,-81.068205,ON-02CF-02,02CF,-81.068205,46.491445
11,Creighton,Creighton,Vale Canada Limited,Vale Canada Limited,(U.),(Sout.),Underground,Souterraine,"Ni, Cu, PGM, Au, Ag, Co, Se, Te","Ni, Cu, MGP, Au, Ag, Co, Se, Te","Nickel, copper, platinum group metals, gold, silver, cobalt, selenium, tellurium","Nickel, cuivre, métaux du groupe platine, or, argent, cobalt, sélénium, tellure",Base metals,Métaux communs,Sudbury,Sudbury,Ontario,Ontario,46.474,-81.1861,ON-02CF-03,02CF,-81.1861,46.474
12,Coleman,Coleman,Vale Canada Limited,Vale Canada Limited,(U.),(Sout.),Underground,Souterraine,"Ni, Cu, PGM, Au, Ag, Co, Se, Te","Ni, Cu, MGP, Au, Ag, Co, Se, Te","Nickel, copper, platinum group metals, gold, silver, cobalt, selenium, tellurium","Nickel, cuivre, métaux du groupe platine, or, argent, cobalt, sélénium, tellure",Base metals,Métaux communs,Sudbury,Sudbury,Ontario,Ontario,46.6771,-81.3397,ON-02CF-07,02CF,-81.3397,46.6771
13,Fraser,Fraser,Glencore Canada Corporation,Glencore Canada Corporation,(U.),(Sout.),Underground,Souterraine,"Ni, Cu, PGM, Au, Co, Ag","Ni, Cu, MGP, Au, Co, Ag","Nickel, copper, platinum group metals, gold, cobalt, silver","Nickel, cuivre, métaux du groupe platine, or, cobalt, argent",Base metals,Métaux communs,Sudbury,Sudbury,Ontario,Ontario,46.6633,-81.3404,ON-02CF-04,02CF,-81.3404,46.6633
14,Strathcona,Strathcona,Glencore Canada Corporation,Glencore Canada Corporation,(C.),(Con.),Concentrator,Concentrateur,"Ni, Cu, PGM, Au, Ag, Co, Se, Te","Ni, Cu, MGP, Au, Ag, Co, Se, Te","Nickel, copper, platinum group metals, gold, silver, cobalt, selenium, tellurium","Nickel, cuivre, métaux du groupe platine, or, argent, cobalt, sélénium, tellure",Base metals,Métaux communs,Sudbury,Sudbury,Ontario,Ontario,46.6734,-81.3427,ON-02CF-07,02CF,-81.3427,46.6734
15,Kidd Creek,Kidd Creek,Glencore Canada Corporation,Glencore Canada Corporation,"(U., C.)","(Sout., Con.)","Underground, concentrator","Souterraine, concentrateur","Cu, Zn, Ag, Se, In","Cu, Zn, Ag, Se, In","Copper, zinc, silver, selenium, indium","Cuivre, zinc, argent, sélénium, indium",Base metals,Métaux communs,Timmins,Timmins,Ontario,Ontario,48.6894,-81.37,ON-04LB-09,04LB,-81.37,48.6894
16,Totten,Totten,Vale Canada Limited,Vale Canada Limited,(U.),(Sout.),Underground,Souterraine,"Ni, Cu, PGM, Au, Ag, Co","Ni, Cu, MGP, Au, Ag, Co","Nickel, copper, platinum group metals, gold, silver, cobalt","Nickel, cuivre, métaux du groupe platine, or, argent, cobalt",Base metals,Métaux communs,Worthington,Worthington,Ontario,Ontario,46.381174,-81.454839,ON-02CE-03,02CE,-81.454839,46.381174
17,Tanco,Tanco,Sinomine Resource Grp Co. Ltd.,Sinomine Resource Grp Co. Ltd.,"(U., C.)","(Sout., Con.)","Underground, concentrator","Souterraine, concentrateur","Cs, Li","Cs, Li","Cesium, lithium","Césium, lithium",Base metals,Métaux communs,Lac-du-Bonnet,Lac-du-Bonnet,Manitoba,Manitoba,50.4291,-95.4502,NA,05PJ,-95.4502,50.4291
18,Thompson (T-1 and T-3),Thompson (T-1 et T-3),Vale Canada Limited,Vale Canada Limited,"(P., U., C.)","(C.O., Sout., Con.)","Open-pit, underground, concentrator","Ciel ouvert, souterraine, concentrateur","Ni, Co, Cu, PGM, Au, Ag","Ni, Co, Cu, MGP, Au, Ag","Nickel, cobalt, copper, platinum group metals, gold, silver","Nickel, cobalt, cuivre, métaux du groupe platine, or, argent",Base metals,Métaux communs,Thompson,Thompson,Manitoba,Manitoba,55.7152,-97.8444,NA,05TD,-97.8444,55.7152
19,777,777,Hudbay Minerals Inc.,Hudbay Minerals Inc.,"(U., C.)","(Sout., Con.)","Underground, concentrator","Souterraine, concentrateur","Cu, Zn, Au, Ag","Cu, Zn, Au, Ag","Copper, zinc, gold, silver","Cuivre, zinc, or, argent",Base metals,Métaux communs,Flin Flon,Flin Flon,Manitoba,Manitoba,54.774414,-101.878943,NA,05KG,-101.878943,54.774414
20,Copper Mountain,Copper Mountain,Copper Mountain Mining Corporation,Copper Mountain Mining Corporation,"(P., C.)","(C.O., Con.)","Open-pit, concentrator","Ciel ouvert, concentrateur","Cu, Au, Ag","Cu, Au, Ag","Copper, gold, silver","Cuivre, or, argent",Base metals,Métaux communs,Princeton,Princeton,British Columbia,Colombie-Britannique,49.331,-120.533,BC_184,08NL,-120.533,49.331
21,Highland Valley,Highland Valley,Teck Resources Limited,Teck Resources Limited,"(P., C.)","(C.O., Con.)","Open-pit, concentrator","Ciel ouvert, concentrateur","Cu, Ag, Mo","Cu, Ag, Mo","Copper, silver, molybdenum","Cuivre, argent, molybdène",Base metals,Métaux communs,Logan Lake,Logan Lake,British Columbia,Colombie-Britannique,50.4855,-121.0483,BC_205,08LF,-121.0483,50.4855
22,Mount Polley,Mount Polley,Imperial Metals Corporation,Imperial Metals Corporation,"(P., C.)","(C.O., Con.)","Open-pit, concentrator","Ciel ouvert, concentrateur","Au, Cu, Ag","Au, Cu, Ag","Gold, copper, silver","Or, cuivre, argent",Base metals,Métaux communs,northeast of Williams Lake,au nord-est de Williams Lake,British Columbia,Colombie-Britannique,52.544959,-121.633931,BC_171,08KH,-121.633931,52.544959
23,Gibraltar,Gibraltar,Taseko Mines Limited,Taseko Mines Limited,"(P., C.)","(C.O., Con.)","Open-pit, concentrator","Ciel ouvert, concentrateur","Cu, Mo, Ag","Cu, Mo, Ag","Copper, molybdenum, silver","Cuivre, molybdène, argent",Base metals,Métaux communs,north of Williams Lake,au nord de Williams Lake,British Columbia,Colombie-Britannique,52.528495,-122.28716,BC_149,08KE,-122.28716,52.528495
24,Red Chris,Red Chris,Newcrest Mining Ltd.,Newcrest Mining Ltd.,"(P., C.)","(C.O., Con.)","Open-pit, concentrator","Ciel ouvert, concentrateur","Au, Cu, Ag","Au, Cu, Ag","Gold, copper, silver","Or, cuivre, argent",Base metals,Métaux communs,Kinaskan Lake,Kinaskan Lake,British Columbia,Colombie-Britannique,57.7,-129.78333,BC_225,08CG,-129.78333,57.7
25,Minto,Minto,Minto Metals Corporation,Minto Metals Corporation,"(P., U., C.)","(C.O., Sout., Con.)","Open-pit, underground, concentrator","Ciel ouvert, souterraine, concentrateur","Cu, Au, Ag","Cu, Au, Ag","Copper, gold, silver","Cuivre, or, argent",Base metals,Métaux communs,Pelly Crossing,Pelly Crossing,Yukon,Yukon,62.618875,-137.23858,NA,09AH,-137.23858,62.618875
26,Bracemac-McLeod,Bracemac-McLeod,Glencore Canada Corporation,Glencore Canada Corporation,"(U., C.)","(Sout., Con.)","Underground, concentrator","Souterraine, concentrateur","Zn, Cu, Au, Ag","Zn, Cu, Au, Ag","Zinc, copper, gold, silver","Zinc, cuivre, or, argent",Base metals and precious metals,Métaux communs et métaux précieux,Matagami,Matagami,Quebec,Québec,49.684563,-77.6602,NA,03AC,-77.6602,49.684563
27,McCreedy West,McCreedy West,KGHM Polska Miedz S.A.,KGHM Polska Miedz S.A.,(U.),(Sout.),Underground,Souterraine,"Cu, Ni, PGM, Au, Ag, Co","Cu, Ni, MGP, Au, Ag, Co","Copper, nickel, platinum group metals, gold, silver,  cobalt","Cuivre, nickel, métaux du groupe platine, or, argent, cobalt",Base metals and precious metals,Métaux communs et métaux précieux,Sudbury,Sudbury,Ontario,Ontario,46.638059,-81.39894,ON-02CF-07,02CF,-81.39894,46.638059
28,Stall Lake,Stall Lake,Hudbay Minerals Inc.,Hudbay Minerals Inc.,(C.),(Con.),Concentrator,Concentrateur,"Au, Zn","Au, Zn","Gold, zinc","Or, zinc",Base metals and precious metals,Métaux communs et métaux précieux,Snow Lake,Snow Lake,Manitoba,Manitoba,54.85692,-99.9451,NA,05TB,-99.9451,54.85692
29,New Britannia,New Britannia,Hudbay Minerals Inc.,Hudbay Minerals Inc.,(C.),(Con.),Concentrator,Concentrateur,"Au, Cu","Au, Cu","Gold, copper","Or, cuivre",Base metals and precious metals,Métaux communs et métaux précieux,Snow Lake,Snow Lake,Manitoba,Manitoba,54.886349,-100.024002,NA,05TB,-100.024002,54.886349
30,Lalor Lake,Lalor Lake,Hudbay Minerals Inc.,Hudbay Minerals Inc.,(U.),(Sout.),Underground,Souterraine,"Au, Zn, Cu, Ag","Au, Zn, Cu, Ag","Gold, zinc, copper, silver","Or, zinc, cuivre, argent",Base metals and precious metals,Métaux communs et métaux précieux,Snow Lake,Snow Lake,Manitoba,Manitoba,54.86667,-100.13333,NA,05TB,-100.13333,54.86667
31,New Afton,New Afton,New Gold Inc.,New Gold Inc.,"(U., C.)","(Sout., Con.)","Underground, concentrator","Souterraine, concentrateur","Au, Cu, Ag","Au, Cu, Ag","Gold, copper, silver","Or, cuivre, argent",Base metals and precious metals,Métaux communs et métaux précieux,Kamloops,Kamloops,British Columbia,Colombie-Britannique,50.661,-120.514,BC_205,08LF,-120.514,50.661
32,Mount Milligan,Mount Milligan,Centerra Gold Inc.,Centerra Gold Inc.,"(P., C.)","(C.O., Con.)","Open-pit, concentrator","Ciel ouvert, concentrateur","Cu, Au, Ag","Cu, Au, Ag","Copper, gold, silver","Cuivre, or, argent",Base metals and precious metals,Métaux communs et métaux précieux,Fort St. James,Fort St. James,British Columbia,Colombie-Britannique,55.118,-124.031,BC_152,07ED,-124.031,55.118
33,Myra Falls,Myra Falls,Trafigura Mining Group,Groupe minier Trafigura,(U.),(Sout.),Underground,Souterraine,"Zn, Cu, Ag, Au, Pb","Zn, Cu, Ag, Au, Pb","Zinc, copper, silver, gold, lead","Zinc, cuivre, argent, or, plomb",Base metals and precious metals,Métaux communs et métaux précieux,Strathcona,Strathcona,British Columbia,Colombie-Britannique,49.57,-125.59,BC_20,08HD,-125.59,49.57
34,Donkin,Donkin,Kameron Collieries ULC,Kameron Collieries ULC,(U.),(Sout.),Underground,Souterraine,"Coal (metallurgical, thermal)","Charbon (métallurgique, thermique)","Coal (metallurgical, thermal)","Charbon (métallurgique, thermique)",Coal,Charbon,Cape Breton,Cap-Breton,Nova Scotia,Nouvelle-Écosse,46.178108,-59.825861,NA,01FJ,-59.825861,46.178108
35,Stellarton,Stellarton,Pioneer Coal Ltd.,Pioneer Coal Ltd.,(P.),(C.O.),Open-pit,Ciel ouvert,Coal (thermal),Charbon (thermique),Coal (thermal),Charbon (thermique),Coal,Charbon,Stellarton,Stellarton,Nova Scotia,Nouvelle-Écosse,45.566074,-62.682864,NA,01DP,-62.682864,45.566074
36,Estevan,Estevan,Westmoreland Coal Company,Westmoreland Coal Company,(P.),(C.O.),Open-pit,Ciel ouvert,Coal (thermal),Charbon (thermique),Coal (thermal),Charbon (thermique),Coal,Charbon,Bienfait,Bienfait,Saskatchewan,Saskatchewan,49.087329,-102.864956,NA,05NB,-102.864956,49.087329
37,Poplar River,Poplar River,Westmoreland Coal Company,Westmoreland Coal Company,(P.),(C.O.),Open-pit,Ciel ouvert,Coal (thermal),Charbon (thermique),Coal (thermal),Charbon (thermique),Coal,Charbon,Coronach,Coronach,Saskatchewan,Saskatchewan,49.217566,-105.472585,NA,11AE,-105.472585,49.217566
38,Genesee,Genesee,Westmoreland Coal Company,Westmoreland Coal Company,(P.),(C.O.),Open-pit,Ciel ouvert,Coal (thermal),Charbon (thermique),Coal (thermal),Charbon (thermique),Coal,Charbon,Genesee,Genesee,Alberta,Alberta,53.323876,-114.267236,AB-11020101,05DE,-114.267236,53.323876
39,Coal Valley,Coal Valley,Westmoreland Coal Company,Westmoreland Coal Company,(P.),(C.O.),Open-pit,Ciel ouvert,Coal (thermal),Charbon (thermique),Coal (thermal),Charbon (thermique),Coal,Charbon,Edson,Edson,Alberta,Alberta,53.072796,-116.786616,AB-17030101,07BA,-116.786616,53.072796
40,Vista,Vista,Bighorn Mining Ltd.,Bighorn Mining Ltd.,(P.),(C.O.),Open-pit,Ciel ouvert,Coal (thermal),Charbon (thermique),Coal (thermal),Charbon (thermique),Coal,Charbon,Hinton,Hinton,Alberta,Alberta,53.403506,-117.36642,AB-17020101,07AF,-117.36642,53.403506
41,Line Creek,Line Creek,Teck Resources Limited,Teck Resources Limited,(P.),(C.O.),Open-pit,Ciel ouvert,"Coal (metallurgical, thermal)","Charbon (métallurgique, thermique)","Coal (metallurgical, thermal)","Charbon (métallurgique, thermique)",Coal,Charbon,Sparwood,Sparwood,British Columbia,Colombie-Britannique,49.95,-114.7833,BC_46,08NK,-114.7833,49.95
42,Elkview,Elkview,Teck Resources Limited,Teck Resources Limited,(P.),(C.O.),Open-pit,Ciel ouvert,Coal (metallurgical),Charbon (métallurgique),Coal (metallurgical),Charbon (métallurgique),Coal,Charbon,Sparwood,Sparwood,British Columbia,Colombie-Britannique,49.7431,-114.805,BC_46,08NK,-114.805,49.7431
43,Fording River,Fording River,Teck Resources Limited,Teck Resources Limited,(P.),(C.O.),Open-pit,Ciel ouvert,Coal (metallurgical),Charbon (métallurgique),Coal (metallurgical),Charbon (métallurgique),Coal,Charbon,Elkford,Elkford,British Columbia,Colombie-Britannique,50.19817,-114.830862,BC_46,08NK,-114.830862,50.19817
44,Greenhills,Greenhills,Teck Resources Limited,Teck Resources Limited,(P.),(C.O.),Open-pit,Ciel ouvert,Coal (metallurgical),Charbon (métallurgique),Coal (metallurgical),Charbon (métallurgique),Coal,Charbon,Sparwood,Sparwood,British Columbia,Colombie-Britannique,50.117858,-114.877193,BC_46,08NK,-114.877193,50.117858
45,Wolverine,Wolverine,Conuma Coal Resources Ltd.,Conuma Coal Resources Ltd.,"(P., Plant)","(C.O., usine)","Open-pit, plant","Ciel ouvert, usine",Coal (metallurgical),Charbon (métallurgique),Coal (metallurgical),Charbon (métallurgique),Coal,Charbon,Tumbler Ridge,Tumbler Ridge,British Columbia,Colombie-Britannique,55.0861,-121.2453,BC_144,07FB,-121.2453,55.0861
46,Brule,Brule,Conuma Coal Resources Ltd.,Conuma Coal Resources Ltd.,(P.),(C.O.),Open-pit,Ciel ouvert,Coal (metallurgical),Charbon (métallurgique),Coal (metallurgical),Charbon (métallurgique),Coal,Charbon,Tumbler Ridge,Tumbler Ridge,British Columbia,Colombie-Britannique,55.398,-121.832,BC_168,07FB,-121.832,55.398
47,Willow Creek,Willow Creek,Conuma Coal Resources Ltd.,Conuma Coal Resources Ltd.,(P.),(C.O.),Open-pit,Ciel ouvert,Coal (metallurgical),Charbon (métallurgique),Coal (metallurgical),Charbon (métallurgique),Coal,Charbon,Chetwynd,Chetwynd,British Columbia,Colombie-Britannique,55.607,-122.2222,BC_168,07FB,-122.2222,55.607
48,Renard,Renard,Stornoway Diamonds Corporation,Stornoway Diamonds Corporation,"(P., U., C.)","(C.O., Sout., Con.)","Open-pit, underground, concentrator","Ciel ouvert, souterraine, concentrateur",Diamonds,Diamants,Diamonds,Diamants,Diamonds,Diamants,Mistissini,Mistissini,Quebec,Québec,52.813913,-72.190579,NA,03CA,-72.190579,52.813913
49,Gahcho Kué,Gahcho Kué,De Beers Canada Inc.,De Beers Canada Inc.,"(P., Plant)","(C.O., usine)","Open-pit, plant","Ciel ouvert, usine",Diamonds,Diamants,Diamonds,Diamants,Diamonds,Diamants,Lac de Gras,Lac de Gras,Northwest Territories,Territoires du Nord-Ouest,63.44528,-109.21194,NA,07RC,-109.21194,63.44528
50,Diavik,Diavik,Rio Tinto Group,Groupe Rio Tinto,"(U., Plant)","(Sout., usine)","Underground, plant","Souterraine, usine",Diamonds,Diamants,Diamonds,Diamants,Diamonds,Diamants,Lac de Gras,Lac de Gras,Northwest Territories,Territoires du Nord-Ouest,64.495,-110.272,NA,10PA,-110.272,64.495
51,Ekati,Ekati,Arctic Canadian Diamond Company,Arctic Canadian Diamond Company,"(U., Plant)","(Sout., usine)","Underground, plant","Souterraine, usine",Diamonds,Diamants,Diamonds,Diamants,Diamonds,Diamants,Lac de Gras,Lac de Gras,Northwest Territories,Territoires du Nord-Ouest,64.715,-110.618,NA,10PA,-110.618,64.715
52,Conception Bay South,Conception Bay South,Trinity Performance Minerals,Trinity Performance Minerals,(P.),(C.O.),Open-pit,Ciel ouvert,Pyrophyllite,Pyrophyllite,Pyrophyllite,Pyrophyllite,Industrial minerals,Minéraux industriels,Conception Bay South,Conception Bay South,Newfoundland and Labrador,Terre-Neuve et Labrador,47.4892,-52.9544,NA,02ZL,-52.9544,47.4892
53,AGS Fluorspar,AGS Fluorspar,Canada Fluorspar (NL) Inc. (subsidiary of Golden Gate Capital),Canada Fuorspar (NL) Inc. (filiale de Golden Gate Capital),"(P., C.)","(C.O., Con.)","Open-pit, concentrator","Ciel ouvert, concentrateur",Fluorspar,Spath fluor,Fluorspar,Spath fluor,Industrial minerals,Minéraux industriels,St. Lawrence,St. Lawrence,Newfoundland and Labrador,Terre-Neuve et Labrador,46.9038,-55.4003,NA,02ZG,-55.4003,46.9038
54,Buchans,Buchans,BarCan,BarCan,(P.),(C.O.),Open-pit,Ciel ouvert,Barite,Barytine,Barite,Barite,Industrial minerals,Minéraux industriels,Buchans,Buchans,Newfoundland and Labrador,Terre-Neuve et Labrador,48.8169,-56.8687,NA,02YN,-56.8687,48.8169
55,Glen Morrison,Glen Morrison,Nova Scotia Power Inc.,Nova Scotia Power Inc.,(P.),(C.O.),Open-pit,Ciel ouvert,Limestone,Calcaire,Limestone,Calcaire,Industrial minerals,Minéraux industriels,Cape Breton,Cap-Breton,Nova Scotia,Nouvelle-Écosse,46.00058,-60.317334,NA,01FJ,-60.317334,46.00058
56,Southside Antigonish Harbour,Southside Antigonish Harbour,Antigonish Limestone Ltd.,Antigonish Limestone Ltd.,(P.),(C.O.),Open-pit,Ciel ouvert,"Limestone, lime","Calcaire, chaux","Limestone, lime","Calcaire, chaux",Industrial minerals,Minéraux industriels,Southside Antigonish Harbour,Southside Antigonish Harbour,Nova Scotia,Nouvelle-Écosse,45.656916,-61.901332,NA,01DR,-61.901332,45.656916
57,Brierly Brook,Brierly Brook,Nova Construction Ltd.,Nova Construction Ltd.,(P.),(C.O.),Open-pit,Ciel ouvert,Gypsum,Gypse,Gypsum,Gypse,Industrial minerals,Minéraux industriels,Antigonish,Antigonish,Nova Scotia,Nouvelle-Écosse,45.5998,-62.06529,NA,01DR,-62.06529,45.5998
58,Upper Musquodoboit,Upper Musquodoboit,Mosher Limestone Company Limited,Mosher Limestone Company Limited,(P.),(C.O.),Open-pit,Ciel ouvert,"Limestone, dolomite","Calcaire, dolomite","Limestone, dolomite","Calcaire, dolomite",Industrial minerals,Minéraux industriels,Upper Musquodoboit,Upper Musquodoboit,Nova Scotia,Nouvelle-Écosse,45.134515,-62.93717,NA,01EK,-62.93717,45.134515
59,Brookfield,Brookfield,Lafarge Canada Inc.,Lafarge Canada Inc.,"(P., Plant)","(C.O., usine)","Open-pit, plant","Ciel ouvert, usine",Limestone,Calcaire,Limestone,Calcaire,Industrial minerals,Minéraux industriels,Brookfield,Brookfield,Nova Scotia,Nouvelle-Écosse,45.2399,-63.3352,NA,01DG,-63.3352,45.2399
60,East Milford,East Milford,National Gypsum (Canada) Ltd.,National Gypsum (Canada) Ltd.,(P.),(C.O.),Open-pit,Ciel ouvert,Gypsum,Gypse,Gypsum,Gypse,Industrial minerals,Minéraux industriels,Milford,Milford,Nova Scotia,Nouvelle-Écosse,45.0116,-63.4224,NA,01DG,-63.4224,45.0116
61,Pugwash,Pugwash,K+S Windsor Salt Ltd.,K+S Sel Windsor Ltée,(U.),(Sout.),Underground,Souterraine,Salt,Sel,Salt,Sel,Industrial minerals,Minéraux industriels,Pugwash,Pugwash,Nova Scotia,Nouvelle-Écosse,45.843819,-63.654914,NA,01DN,-63.654914,45.843819
62,Amherst (Nappan),Amherst (Nappan),Compass Minerals Canada Corporation,Compass Minerals Canada Corporation,(Solution mining),(extraction par dissolution),Soultion mining,Extraction par dissolution,Salt,Sel,Salt,Sel,Industrial minerals,Minéraux industriels,Amherst,Amherst,Nova Scotia,Nouvelle-Écosse,45.7829,-64.2339,NA,01DL,-64.2339,45.7829
63,Havelock,Havelock,Graymont Inc.,Graymont Inc.,"(P., Plant)","(C.O., usine)","Open-pit, plant","Ciel ouvert, usine","Limestone, lime","Calcaire, chaux","Limestone, lime","Calcaire, chaux",Industrial minerals,Minéraux industriels,Havelock,Havelock,New Brunswick,Nouveau Brunswick,45.99803,-65.30732,NA,01AP,-65.30732,45.99803
64,Springhill,Springhill,Graymont Inc.,Graymont Inc.,(P.),(C.O.),Open-pit,Ciel ouvert,"Limestone, lime","Calcaire, chaux","Limestone, lime","Calcaire, chaux",Industrial minerals,Minéraux industriels,Havelock,Havelock,New Brunswick,Nouveau Brunswick,46.0021,-65.3719,NA,01AP,-65.3719,46.0021
65,New Brunswick,New Brunswick,Nutrien Ltd.,Nutrien Ltd.,(U.),(Sout.),Underground,Souterraine,Salt,Sel,Salt,Sel,Industrial minerals,Minéraux industriels,Sussex,Sussex,New Brunswick,Nouveau Brunswick,45.7515,-65.4162,NA,01AP,-65.4162,45.7515
66,Upham East,Upham East,Hammond River Holdings Ltd.,Hammond River Holdings Ltd.,(P.),(C.O.),Open-pit,Ciel ouvert,Gypsum,Gypse,Gypsum,Gypse,Industrial minerals,Minéraux industriels,Upham,Upham,New Brunswick,Nouveau Brunswick,45.48334,-65.63127,NA,01AP,-65.63127,45.48334
67,Brookville,Brookville,Brookville Manufacturing Company,Brookville Manufacturing Company,"(P., Plant)","(C.O., usine)","Open-pit, plant","Ciel ouvert, usine",Dolomitic lime,Chaux dolomitique,Dolomitic lime,Chaux dolomitique,Industrial minerals,Minéraux industriels,Saint John,Saint John,New Brunswick,Nouveau Brunswick,45.3384,-66.0218,NA,01AP,-66.0218,45.3384
68,Sormany,Sormany,Elmtree Resources Ltd.,Elmtree Resources Ltd.,"(P., Plant)","(C.O., usine)","Open-pit, plant","Ciel ouvert, usine",Limestone,Calcaire,Limestone,Calcaire,Industrial minerals,Minéraux industriels,Sormany,Sormany,New Brunswick,Nouveau Brunswick,47.6511,-66.0403,NA,01BJ,-66.0403,47.6511
69,Seleine,Seleine,Stone Canyon Industries Holding,Stone Canyon Industries Holding,(U.),(Sout.),Underground,Souterraine,Salt,Sel,Salt,Sel,Industrial minerals,Minéraux industriels,Îles-de-la-Madeleine,Îles-de-la-Madeleine,Quebec,Québec,47.6122,-61.5608,NA,02WE,-61.5608,47.6122
70,McInnis Plant,Usine McInnis,St Marys Cement,Ciment St Marys,"(P., Plant)","(C.O., usine)","Open-pit, plant","Ciel ouvert, usine",Limestone,Calcaire,Limestone,Calcaire,Industrial minerals,Minéraux industriels,Port-Daniel–Gascons,Port-Daniel–Gascons,Quebec,Québec,48.186869,-64.918672,NA,01BH,-64.918672,48.186869
71,Ressources minérales Pélican,Ressources minérales Pélican,Ressources minérales Pélican Inc.,Ressources minérales Pélican Inc.,(P.),(C.O.),Open-pit,Ciel ouvert,Limestone,Calcaire,Limestone,Calcaire,Industrial minerals,Minéraux industriels,Grande-Vallée,Grande-Vallée,Quebec,Québec,49.059691,-65.359187,NA,02QC,-65.359187,49.059691
72,Saint-Modeste,Saint-Modeste,Le Groupe Berger Ltée,Le Groupe Berger Ltée,(P.),(C.O.),Open-pit,Ciel ouvert,"Vermiculite, perlite","Vermiculite, perlite","Vermiculite, perlite","Vermiculite, perlite",Industrial minerals,Minéraux industriels,Saint-Modeste,Saint-Modeste,Quebec,Québec,47.836,-69.3925,NA,02QA,-69.3925,47.836
73,Petit Lac Malbaie,Petit Lac Malbaie,Sitec Amérique du Nord inc.,Sitec Amérique du Nord inc.,(P.),(C.O.),Open-pit,Ciel ouvert,Silica,Silice,Silica,Silice,Industrial minerals,Minéraux industriels,Saint-Urbain,Saint-Urbain,Quebec,Québec,47.765443,-70.65639,NA,02PF,-70.65639,47.765443
74,Quebec,Québec,Ciment Québec inc.,Ciment Québec inc.,"(P., Plant)","(C.O., usine)","Open-pit, plant","Ciel ouvert, usine",Limestone,Calcaire,Limestone,Calcaire,Industrial minerals,Minéraux industriels,city of Québec,ville de Québec,Quebec,Québec,46.858244,-71.202981,NA,02PD,-71.202981,46.858244
75,Marbleton,Marbleton,Graymont Inc.,Graymont Inc.,"(P., Plant)","(C.O., usine)","Open-pit, plant","Ciel ouvert, usine","Limestone, lime","Calcaire, chaux","Limestone, lime","Calcaire, chaux",Industrial minerals,Minéraux industriels,Marbleton,Marbleton,Quebec,Québec,45.6193,-71.6075,NA,02OE,-71.6075,45.6193
76,Saint-Basile,Saint-Basile,Ciment Québec inc.,Ciment Québec inc.,"(P., Plant)","(C.O., usine)","Open-pit, plant","Ciel ouvert, usine",Limestone,Calcaire,Limestone,Calcaire,Industrial minerals,Minéraux industriels,Saint-Basile,Saint-Basile,Quebec,Québec,46.74491,-71.815131,NA,02PC,-71.815131,46.74491
77,Les Carrières Calco,Les Carrières Calco,Graymont Inc.,Graymont Inc.,"(P., Plant)","(C.O., usine)","Open-pit, plant","Ciel ouvert, usine",Calcium carbonate,Carbonate de calcium,Calcium carbonate,Carbonate de calcium,Industrial minerals,Minéraux industriels,St-Marc-des-Carrières,St-Marc-des-Carrières,Quebec,Québec,46.677342,-72.053428,NA,02PC,-72.053428,46.677342
78,Acton Vale,Acton Vale,Carrière d'Acton Vale ltée,Carrière d'Acton Vale ltée,"(P., Plant)","(C.O., usine)","Open-pit, plant","Ciel ouvert, usine",Calcium carbonate,Carbonate de calcium,Calcium carbonate,Carbonate de calcium,Industrial minerals,Minéraux industriels,Acton Vale,Acton Vale,Quebec,Québec,46.642588,-72.554444,NA,02PA,-72.554444,46.642588
79,Bedford,Bedford,Graymont Inc.,Graymont Inc.,"(P., Plant)","(C.O., usine)","Open-pit, plant","Ciel ouvert, usine","Limestone, lime","Calcaire, chaux","Limestone, lime","Calcaire, chaux",Industrial minerals,Minéraux industriels,Bedford,Bedford,Quebec,Québec,45.1127,-73.0118,NA,02OH,-73.0118,45.1127
80,Saint-Armand,Saint-Armand,OMYA (Canada) Inc.,OMYA (Canada) Inc.,"(P., Plant)","(C.O., usine)","Open-pit, plant","Ciel ouvert, usine",Calcium carbonate,Carbonate de calcium,Calcium carbonate,Carbonate de calcium,Industrial minerals,Minéraux industriels,Saint-Armand,Saint-Armand,Quebec,Québec,45.0762,-73.0452,NA,02OH,-73.0452,45.0762
81,Joliette,Joliette,CRH Canada Group Inc.,Groupe CRH Canada Inc.,"(P., Plant)","(C.O., usine)","Open-pit, plant","Ciel ouvert, usine",Limestone,Calcaire,Limestone,Calcaire,Industrial minerals,Minéraux industriels,Joliette,Joliette,Quebec,Québec,46.0303,-73.40276,NA,02OB,-73.40276,46.0303
82,St-Constant,St-Constant,Lafarge Canada Inc.,Lafarge Canada Inc.,"(P., Plant)","(C.O., usine)","Open-pit, plant","Ciel ouvert, usine",Limestone,Calcaire,Limestone,Calcaire,Industrial minerals,Minéraux industriels,St-Constant,St-Constant,Quebec,Québec,45.343972,-73.524931,NA,02OA,-73.524931,45.343972
83,Laval,Laval,Demix Agrégats,Demix Agrégats,"(P., Plant)","(C.O., usine)","Open-pit, plant","Ciel ouvert, usine",Limestone,Calcaire,Limestone,Calcaire,Industrial minerals,Minéraux industriels,Laval,Laval,Quebec,Québec,45.588917,-73.701347,NA,210,-73.701347,45.588917
84,Laval,Laval,Ciment Québec inc.,Ciment Québec inc.,"(P., Plant)","(C.O., usine)","Open-pit, plant","Ciel ouvert, usine",Limestone,Calcaire,Limestone,Calcaire,Industrial minerals,Minéraux industriels,Laval,Laval,Quebec,Québec,45.593093,-73.704046,NA,210,-73.704046,45.593093
85,Lac Letondal,Lac Letondal,"Imerys Mica Suzorite, Inc.","Imerys Mica Suzorite, Inc.",(P.),(C.O.),Open-pit,Ciel ouvert,Mica,Mica,Mica,Mica,Industrial minerals,Minéraux industriels,"Parent, Suzor Twp.","Parent, canton de Suzor",Quebec,Québec,47.952796,-74.33837,NA,02NB,-74.33837,47.952796
86,Kilmar,Kilmar,Lehigh Hanson,Lehigh Hanson,"(P., Plant)","(C.O., usine)","Open-pit, plant","Ciel ouvert, usine",Limestone,Calcaire,Limestone,Calcaire,Industrial minerals,Minéraux industriels,Grenville-sur-la-Rouge,Grenville-sur-la-Rouge,Quebec,Québec,45.768527,-74.61402,ON-02LB-02,02LC,-74.61402,45.768527
87,Lac-des-Îles,Lac-des-Îles,Northern Graphite Corporation,Northern Graphite Corporation,"(P., Plant)","(C.O., usine)","Open-pit, plant","Ciel ouvert, usine",Graphite,Graphite,Graphite,Graphite,Industrial minerals,Minéraux industriels,Saint-Aimé-du-Lac-des-Îles,Saint-Aimé-du-Lac-des-Îles,Quebec,Québec,46.3753,-75.5357,NA,02LE,-75.5357,46.3753
88,St. Lawrence,St. Lawrence,Canadian Wollastonite,Canadian Wollastonite,(P.),(C.O.),Open-pit,Ciel ouvert,Wollastonite,Wollastonite,Wollastonite,Wollastonite,Industrial minerals,Minéraux industriels,Kingston,Kingston,Ontario,Ontario,44.462618,-76.246541,ON-02MA-04,02MA,-76.246541,44.462618
89,Tatlock,Tatlock,OMYA (Canada) Inc.,OMYA (Canada) Inc.,(P.),(C.O.),Open-pit,Ciel ouvert,Calcium carbonate,Carbonate de calcium,Calcium carbonate,Carbonate de calcium,Industrial minerals,Minéraux industriels,Tatlock,Tatlock,Ontario,Ontario,45.151,-76.4957,ON-02KF-11,02KF,-76.4957,45.151
90,Bath,Bath,Lafarge Canada Inc.,Lafarge Canada Inc.,(P.),(C.O.),Open-pit,Ciel ouvert,Limestone,Calcaire,Limestone,Calcaire,Industrial minerals,Minéraux industriels,Bath,Bath,Ontario,Ontario,44.17086,-76.809138,NA,02HM,-76.809138,44.17086
91,Picton,Picton,Lehigh Hanson,Lehigh Hanson,(P.),(C.O.),Open-pit,Ciel ouvert,Limestone,Calcaire,Limestone,Calcaire,Industrial minerals,Minéraux industriels,Picton,Picton,Ontario,Ontario,44.052965,-77.122714,ON-029C-01,209,-77.122714,44.052965
92,Ogden Point,Ogden Point,CRH Canada Group Inc.,Groupe CRH Canada Inc.,(P.),(C.O.),Open-pit,Ciel ouvert,Limestone,Calcaire,Limestone,Calcaire,Industrial minerals,Minéraux industriels,Ogden Point,Ogden Point,Ontario,Ontario,43.9831,-77.8806,NA,02HD,-77.8806,43.9831
93,Blue Mountain,Blue Mountain,Covia Canada Ltd.,Covia Canada Ltée,"(P., Plant)","(C.O., usine)","Open-pit, plant","Ciel ouvert, usine",Nepheline syenite,Syénite à néphéline,Nepheline syenite,Syénite à néphéline,Industrial minerals,Minéraux industriels,Blue Mountain,Blue Mountain,Ontario,Ontario,44.6775,-77.9491,ON-02HK-15,02HK,-77.9491,44.6775
94,Bowmanville,Bowmanville,St Marys CBM (Canada) Inc.,St Marys CBM (Canada) Inc.,(P.),(C.O.),Open-pit,Ciel ouvert,Limestone,Calcaire,Limestone,Calcaire,Industrial minerals,Minéraux industriels,Bowmanville,Bowmanville,Ontario,Ontario,43.8845,-78.6946,NA,02HD,-78.6946,43.8845
95,Bucke,Bucke,Miller Minerals (Miller Paving Co.),Miller Minerals (Miller Paving Co.),"(P., Plant)","(C.O., usine)","Open-pit, plant","Ciel ouvert, usine",Limestone,Calcaire,Limestone,Calcaire,Industrial minerals,Minéraux industriels,New Liskeard,New Liskeard,Ontario,Ontario,47.453722,-79.671432,ON-02JE-04,02JE,-79.671432,47.453722
96,Dundas,Dundas,Carmeuse Lime (Canada) Limited,Carmeuse Lime (Canada) Limited,(P.),(C.O.),Open-pit,Ciel ouvert,Dolomitic lime,Chaux dolomitique,Dolomitic lime,Chaux dolomitique,Industrial minerals,Minéraux industriels,Dundas,Dundas,Ontario,Ontario,43.291782,-79.986394,ON-02HB-01,02HB,-79.986394,43.291782
97,Dundas,Dundas,Lafarge Canada Inc.,Lafarge Canada Inc.,(P.),(C.O.),Open-pit,Ciel ouvert,Limestone,Calcaire,Limestone,Calcaire,Industrial minerals,Minéraux industriels,Dundas,Dundas,Ontario,Ontario,43.291518,-80.008396,ON-02HB-01,02HB,-80.008396,43.291518
98,Hagersville,Hagersville,CGC Inc.,CGC Inc.,"(U., Plant)","(Sout., usine)","Underground, plant","Souterraine, usine",Gypsum,Gypse,Gypsum,Gypse,Industrial minerals,Minéraux industriels,Hagersville,Hagersville,Ontario,Ontario,43.012203,-80.016869,ON-02GB-07,02GB,-80.016869,43.012203
99,Beachville,Beachville,Carmeuse Lime (Canada) Limited,Carmeuse Lime (Canada) Limited,"(P., Plant)","(C.O., usine)","Open-pit, plant","Ciel ouvert, usine","Limestone, lime","Calcaire, chaux","Limestone, lime","Calcaire, chaux",Industrial minerals,Minéraux industriels,Ingersoll,Ingersoll,Ontario,Ontario,43.068367,-80.856803,ON-02GD-06,02GD,-80.856803,43.068367
100,Sydenham,Sydenham,E.C. King Contracting Ltd. (Miller Paving Co.),E.C. King Contracting Ltd. (Miller Paving Co.),(P.),(C.O.),Open-pit,Ciel ouvert,Dolomite,Dolomite,Dolomite,Dolomite,Industrial minerals,Minéraux industriels,Owen Sound,Owen Sound,Ontario,Ontario,44.5669,-80.8607,NA,02FB,-80.8607,44.5669
101,Owen Sound,Owen Sound,Owen Sound Ledgerock Ltd.,Owen Sound Ledgerock Ltd.,(P.),(C.O.),Open-pit,Ciel ouvert,Dolomite,Dolomite,Dolomite,Dolomite,Industrial minerals,Minéraux industriels,Owen Sound,Owen Sound,Ontario,Ontario,44.5899,-81.0456,NA,02FB,-81.0456,44.5899
102,St Marys,St Marys,St Marys CBM (Canada) Inc.,St Marys CBM (Canada) Inc.,(P.),(C.O.),Open-pit,Ciel ouvert,Limestone,Calcaire,Limestone,Calcaire,Industrial minerals,Minéraux industriels,St. Marys,St. Marys,Ontario,Ontario,43.2483,-81.1588,ON-02GD-02,02GD,-81.1588,43.2483
103,Spanish River Carbonite,Spanish River Carbonite,Boreal Agrominerals Inc.,Boreal Agrominerals Inc.,(P.),(C.O.),Open-pit,Ciel ouvert,Vermiculite,Vermiculite,Salt,Sel,Industrial minerals,Minéraux industriels,northwest of Sudbury,au nord-ouest de Sudbury,Ontario,Ontario,46.6268,-81.7246,ON-02CE-05,02CE,-81.7246,46.6268
104,Goderich,Goderich,Compass Minerals Canada Corporation,Compass Minerals Canada Corporation,"(U., Plant)","(Sout., usine)","Underground, plant","Souterraine, usine",Salt,Sel,Salt,Sel,Industrial minerals,Minéraux industriels,Goderich,Goderich,Ontario,Ontario,43.743733,-81.724754,NA,203,-81.724754,43.743733
105,Goderich,Goderich,Compass Minerals Canada Corporation,Compass Minerals Canada Corporation,(Solution mining),(extraction par dissolution),Soultion mining,Extraction par dissolution,Salt,Sel,Salt,Sel,Industrial minerals,Minéraux industriels,Goderich,Goderich,Ontario,Ontario,43.746875,-81.72825,ON-02FE-01,203,-81.72825,43.746875
106,Penhorwood,Penhorwood,Magris Talc Canada Inc.,Magris Talc Canada Inc.,(P.),(C.O.),Open-pit,Ciel ouvert,Talc,Talc,Talc,Talc,Industrial minerals,Minéraux industriels,Penhorwood,Penhorwood,Ontario,Ontario,48.191813,-82.09848,ON-04LC-11,04LC,-82.09848,48.191813
107,Windsor,Windsor,K+S Windsor Salt Ltd.,K+S Sel Windsor Ltée,(Solution mining),(extraction par dissolution),Soultion mining,Extraction par dissolution,Salt,Sel,Salt,Sel,Industrial minerals,Minéraux industriels,Windsor,Windsor,Ontario,Ontario,42.287093,-83.091963,ON-02GHA02,02GH,-83.091963,42.287093
108,Ojibway,Ojibway,K+S Windsor Salt Ltd.,K+S Sel Windsor Ltée,(U.),(Sout.),Underground,Souterraine,Salt,Sel,Salt,Sel,Industrial minerals,Minéraux industriels,Windsor,Windsor,Ontario,Ontario,42.2558,-83.1033,ON-02GHA02,02GH,-83.1033,42.2558
109,Meldrum Bay,Meldrum Bay,Lafarge Canada Inc.,Lafarge Canada Inc.,"(P., Plant)","(C.O., usine)","Open-pit, plant","Ciel ouvert, usine","Limestone, dolomite","Calcaire, dolomite","Limestone, dolomite","Calcaire, dolomite",Industrial minerals,Minéraux industriels,Manitoulin Island,île Manitoulin,Ontario,Ontario,45.909662,-83.220727,NA,203,-83.220727,45.909662
110,Faulkner,Faulkner,Graymont Inc.,Graymont Inc.,"(P., Plant)","(C.O., usine)","Open-pit, plant","Ciel ouvert, usine","Limestone, lime","Calcaire, chaux","Limestone, lime","Calcaire, chaux",Industrial minerals,Minéraux industriels,Faulkner,Faulkner,Manitoba,Manitoba,51.413229,-98.765438,NA,05L1,-98.765438,51.413229
111,Hargrave,Hargrave,ERCO Worldwide,ERCO Worldwide,"(U., Plant)","(Sout., usine)","Underground, plant","Souterraine, usine",Sodium chlorate,Chlorate de sodium,Sodium chlorate,Chlorate de sodium,Industrial minerals,Minéraux industriels,Virden,Virden,Manitoba,Manitoba,49.903195,-101.047401,NA,05MG,-101.047401,49.903195
112,Rocanville,Rocanville,Nutrien Ltd.,Nutrien Ltd.,"(U., Plant)","(Sout., usine)","Underground, plant","Souterraine, usine",Potash,Potasse,Potash,Potasse,Industrial minerals,Minéraux industriels,Rocanville,Rocanville,Saskatchewan,Saskatchewan,50.471916,-101.544281,NA,05JM,-101.544281,50.471916
113,Esterhazy (K-3),Esterhazy (K-3),The Mosaic Company,The Mosaic Company,"(U., Plant)","(Sout., usine)","Underground, plant","Souterraine, usine","Potash, salt","Potasse, sel","Potash, salt","Potasse, sel",Industrial minerals,Minéraux industriels,Esterhazy,Esterhazy,Saskatchewan,Saskatchewan,50.659914,-101.845218,NA,05JM,-101.845218,50.659914
114,Wynyard (Big Quill),Wynyard (Big Quill),Compass Minerals Canada Corporation,Compass Minerals Canada Corporation,(Plant),(usine),Plant,Usine,Potassium sulphate,Sulfate de potassium,Potassium sulphate,Sulfate de potassium,Industrial minerals,Minéraux industriels,Wynyard,Wynyard,Saskatchewan,Saskatchewan,51.780628,-104.319916,NA,05MA,-104.319916,51.780628
115,Belle Plaine,Belle Plaine,The Mosaic Company,The Mosaic Company,"(U., Plant)","(Sout., usine)","Underground, plant","Souterraine, usine","Potash, salt","Potasse, sel","Potash, salt","Potasse, sel",Industrial minerals,Minéraux industriels,Belle Plaine,Belle Plaine,Saskatchewan,Saskatchewan,50.435626,-105.181423,NA,05JF,-105.181423,50.435626
116,Lanigan,Lanigan,Nutrien Ltd.,Nutrien Ltd.,(U.),(Sout.),Underground,Souterraine,Potash,Potasse,Potash,Potasse,Industrial minerals,Minéraux industriels,Lanigan,Lanigan,Saskatchewan,Saskatchewan,51.853044,-105.205794,NA,05JJ,-105.205794,51.853044
117,Bethune,Bethune,K+S Potash Canada,K+S Potash Canada,"(U., Plant)","(Sout., usine)","Underground, plant","Souterraine, usine",Potash,Potasse,Potash,Potasse,Industrial minerals,Minéraux industriels,Bethune,Bethune,Saskatchewan,Saskatchewan,50.62917,-105.26167,NA,05JG,-105.26167,50.62917
118,Allan,Allan,Nutrien Ltd.,Nutrien Ltd.,"(U., Plant)","(Sout., usine)","Underground, plant","Souterraine, usine",Potash,Potasse,Potash,Potasse,Industrial minerals,Minéraux industriels,Allan,Allan,Saskatchewan,Saskatchewan,51.93062,-106.068974,NA,05HG,-106.068974,51.93062
119,Patience Lake,Patience Lake,Nutrien Ltd.,Nutrien Ltd.,"(U., Plant)","(Sout., usine)","Underground, plant","Souterraine, usine",Potash,Potasse,Potash,Potasse,Industrial minerals,Minéraux industriels,Blucher,Blucher,Saskatchewan,Saskatchewan,52.089362,-106.376992,NA,05HG,-106.376992,52.089362
120,Saskatoon facility,Installation de Saskatoon,ERCO Worldwide,ERCO Worldwide,"(Solution mining, Plant)","(extraction par dissolution, usine)","Solution mining, plant","Extraction par dissolution, usine",Salt,Sel,Salt,Sel,Industrial minerals,Minéraux industriels,Saskatoon,Saskatoon,Saskatchewan,Saskatchewan,52.2015,-106.6204,NA,05HH,-106.6204,52.2015
121,Chaplin Lake,Chaplin Lake,Saskatchewan Mining and Minerals Inc.,Saskatchewan Mining and Minerals Inc.,"(P., Plant)","(C.O., usine)","Open-pit, plant","Ciel ouvert, usine",Sodium sulphate,Sulfate de sodium,Sodium sulphate,Sulfate de sodium,Industrial minerals,Minéraux industriels,Chaplin,Chaplin,Saskatchewan,Saskatchewan,50.4573,-106.67,NA,05JC,-106.67,50.4573
122,Cory,Cory,Nutrien Ltd.,Nutrien Ltd.,"(U., Plant)","(Sout., usine)","Underground, plant","Souterraine, usine",Potash,Potasse,Potash,Potasse,Industrial minerals,Minéraux industriels,Cory,Cory,Saskatchewan,Saskatchewan,52.092027,-106.859358,NA,05HG,-106.859358,52.092027
123,Vanscoy,Vanscoy,Nutrien Ltd.,Nutrien Ltd.,"(U., Plant)","(Sout., usine)","Underground, plant","Souterraine, usine","Potash, salt","Potasse, sel","Potash, salt","Potasse, sel",Industrial minerals,Minéraux industriels,Vanscoy,Vanscoy,Saskatchewan,Saskatchewan,52.01,-107.08,NA,05HG,-107.08,52.01
124,Unity,Unity,Compass Minerals Canada Corporation,Compass Minerals Canada Corporation,(Solution mining),(extraction par dissolution),Soultion mining,Extraction par dissolution,Salt,Sel,Salt,Sel,Industrial minerals,Minéraux industriels,Unity,Unity,Saskatchewan,Saskatchewan,52.4233,-109.11,NA,05GC,-109.11,52.4233
125,Lindbergh,Lindbergh,K+S Windsor Salt Ltd.,K+S Sel Windsor Ltée,(Solution mining),(extraction par dissolution),Soultion mining,Extraction par dissolution,Salt,Sel,Salt,Sel,Industrial minerals,Minéraux industriels,Elk Point,Elk Point,Alberta,Alberta,53.862693,-110.639331,AB-11040101,05ED,-110.639331,53.862693
126,Steepbank,Steepbank,Hammerstone Corporation,Hammerstone Corporation,(P.),(C.O.),Open-pit,Ciel ouvert,Limestone,Calcaire,Limestone,Calcaire,Industrial minerals,Minéraux industriels,north of Fort McMurray,au nord de Fort McMurray,Alberta,Alberta,56.9026,-111.3773,AB-17070101,07DA,-111.3773,56.9026
127,Sunnynook,Sunnynook,Jarodon Resources Ltd.,Jarodon Resources Ltd.,(Solution mining),(extraction par dissolution),Soultion mining,Extraction par dissolution,Salt,Sel,Salt,Sel,Industrial minerals,Minéraux industriels,Cessford,Cessford,Alberta,Alberta,51.006737,-111.555954,AB-08030303,05CH,-111.555954,51.006737
128,Fort McMurray West,Fort McMurray West,Suncor Energy Inc.,Suncor Énergie Inc.,(P.),(C.O.),Open-pit,Ciel ouvert,Limestone,Calcaire,Limestone,Calcaire,Industrial minerals,Minéraux industriels,Fort McMurray,Fort McMurray,Alberta,Alberta,57.0218,-111.572,AB-17070102,07DA,-111.572,57.0218
129,Calling Lake,Calling Lake,Ward Chemical,Ward Chemical,(Solution mining),(extraction par dissolution),Soultion mining,Extraction par dissolution,Salt,Sel,Salt,Sel,Industrial minerals,Minéraux industriels,Calling Lake,Calling Lake,Alberta,Alberta,55.17424,-113.219797,AB-17050202,07CB,-113.219797,55.17424
130,Mitsue,Mitsue,Tiger Calcium Services Inc.,Tiger Calcium Services Inc.,(Solution mining),(extraction par dissolution),Soultion mining,Extraction par dissolution,Salt,Sel,Salt,Sel,Industrial minerals,Minéraux industriels,Slave Lake,Slave Lake,Alberta,Alberta,55.272969,-114.598617,AB-17040301,07BK,-114.598617,55.272969
131,Exshaw (Gap),Exshaw (Gap),Graymont Inc.,Graymont Inc.,"(P., Plant)","(C.O., usine)","Open-pit, plant","Ciel ouvert, usine","Limestone, lime","Calcaire, chaux","Limestone, lime","Calcaire, chaux",Industrial minerals,Minéraux industriels,Exshaw,Exshaw,Alberta,Alberta,51.069153,-115.135047,AB-04020401,05BE,-115.135047,51.069153
132,Exshaw,Exshaw,Lafarge Canada Inc.,Lafarge Canada Inc.,"(P., Plant)","(C.O., usine)","Open-pit, plant","Ciel ouvert, usine",Limestone,Calcaire,"Limestone, lime",Calcaire,Industrial minerals,Minéraux industriels,Exshaw,Exshaw,Alberta,Alberta,51.059442,-115.171606,AB-04020401,05BE,-115.171606,51.059442
133,Clearwater,Clearwater,Burnco Rock Products Ltd.,Burnco Rock Products Ltd.,"(P., Plant)","(C.O., usine)","Open-pit, plant","Ciel ouvert, usine",Limestone,Calcaire,"Limestone, lime",Calcaire,Industrial minerals,Minéraux industriels,Clearwater River,Clearwater River,Alberta,Alberta,51.9653,-115.2875,AB-11010301,05DB,-115.2875,51.9653
134,Mcleod,Mcleod,Lehigh Hanson,Lehigh Hanson,(P.),(C.O.),Open-pit,Ciel ouvert,Limestone,Calcaire,Limestone,Calcaire,Industrial minerals,Minéraux industriels,Cadomin,Cadomin,Alberta,Alberta,53.010212,-117.298804,AB-17020101,07AF,-117.298804,53.010212
135,Mount Brussilof,Mount Brussilof,Baymag Inc.,Baymag Inc.,(P.),(C.O.),Open-pit,Ciel ouvert,"Magnesite (fused), magnesia (products)","Magnésite fondue, produits de magnésie","Magnesite (fused), magnesia (products)","Magnésite fondue, produits de magnésie",Industrial minerals,Minéraux industriels,Mount Brussilof,mont Brussilof,British Columbia,Colombie-Britannique,50.7887,-115.683,BC_91,08NF,-115.683,50.7887
136,Elkhorn,Elkhorn,"CertainTeed Gypsum Canada, Inc.","CertainTeed Gypsum Canada, Inc.",(P.),(C.O.),Open-pit,Ciel ouvert,Gypsum,Gypse,Gypsum,Gypse,Industrial minerals,Minéraux industriels,Windermere,Windermere,British Columbia,Colombie-Britannique,50.498282,-115.90016,BC_33,08NA,-115.90016,50.498282
137,Falkland,Falkland,Lafarge Canada Inc.,Lafarge Canada Inc.,"(P., Plant)","(C.O., usine)","Open-pit, plant","Ciel ouvert, usine",Gypsum,Gypse,Gypsum,Gypse,Industrial minerals,Minéraux industriels,Falkland,Falkland,British Columbia,Colombie-Britannique,50.510392,-119.552465,BC_191,08LE,-119.552465,50.510392
138,Bud,Bud,Progressive Planet Solutions Inc.,Progressive Planet Solutions Inc.,(P.),(C.O.),Open-pit,Ciel ouvert,"Zeolite, calcium bentonite clay","Zéolite, argile bentonite calcique","Zeolite, calcium bentonite clay","Zéolite, argile bentonite calcique",Industrial minerals,Minéraux industriels,Princeton,Princeton,British Columbia,Colombie-Britannique,49.424529,-120.557564,BC_184,08NL,-120.557564,49.424529
139,Red Lake,Red Lake,Progressive Planet Solutions Inc.,Progressive Planet Solutions Inc.,(P.),(C.O.),Open-pit,Ciel ouvert,"Diatomite, bentonite, leonardite","Diatomite, bentonite, léonardite","Diatomite, bentonite, leonardite","Diatomite, bentonite, léonardite",Industrial minerals,Minéraux industriels,Kamloops,Kamloops,British Columbia,Colombie-Britannique,50.9387,-120.815,BC_39,08LF,-120.815,50.9387
140,Van Anda,Van Anda,Imperial Limestone Co. Ltd.,Imperial Limestone Co. Ltd.,(P.),(C.O.),Open-pit,Ciel ouvert,Limestone,Calcaire,Limestone,Calcaire,Industrial minerals,Minéraux industriels,Texada Island,île Texada,British Columbia,Colombie-Britannique,49.7405,-124.528,BC_73,08GB,-124.528,49.7405
141,Texada,Texada,Texada Quarrying Ltd. (Lafarge Canada Inc.),Texada Quarrying Ltd. (Lafarge Canada Inc.),(P.),(C.O.),Open-pit,Ciel ouvert,Limestone,Calcaire,Limestone,Calcaire,Industrial minerals,Minéraux industriels,Texada Island,île Texada,British Columbia,Colombie-Britannique,49.718975,-124.568565,BC_73,08GB,-124.568565,49.718975
142,Fireside,Fireside,Fireside Minerals Ltd.,Fireside Minerals Ltd.,(P.),(C.O.),Open-pit,Ciel ouvert,Barite,Barytine,Barite,Barite,Industrial minerals,Minéraux industriels,Fireside,Fireside,British Columbia,Colombie-Britannique,59.770475,-127.206197,BC_32,10BC,-127.206197,59.770475
143,Scully,Scully,Tacora Resources Inc.,Tacora Resources Inc.,"(P., C.)","(C.O., Con.)","Open-pit, concentrator","Ciel ouvert, concentrateur",Fe,Fe,Iron ore,Fe,Iron ore,Minerai de fer,Wabush,Wabush,Newfoundland and Labrador,Terre-Neuve et Labrador,52.907129,-66.912573,NA,03OA,-66.912573,52.907129
144,Carol Lake,Carol Lake,Iron Ore Company of Canada Inc.,Iron Ore Company of Canada Inc.,"(P., C.)","(C.O., Con.)","Open-pit, concentrator","Ciel ouvert, concentrateur",Fe,Fe,Iron ore,Fe,Iron ore,Minerai de fer,Labrador City,Labrador City,Newfoundland and Labrador,Terre-Neuve et Labrador,53.039755,-66.936774,NA,03OA,-66.936774,53.039755
145,DSO (Timmins),DSO (Timmins),Tata Steel Minerals Canada Limited,Tata Steel Minerals Canada Limitée,"(P., C.)","(C.O., Con.)","Open-pit, concentrator","Ciel ouvert, concentrateur",Fe,Fe,Iron ore,Fe,Iron ore,Minerai de fer,Menihek,Menihek,Newfoundland and Labrador,Terre-Neuve et Labrador,54.890828,-67.081916,NA,03OB,-67.081916,54.890828
146,Bloom Lake,Bloom Lake,Champion Iron Ltd.,Champion Iron Ltd.,(P.),(C.O.),Open-pit,Ciel ouvert,Fe,Fe,Iron ore,Fe,Iron ore,Minerai de fer,Fermont,Fermont,Quebec,Québec,52.84,-67.28,NA,03LA,-67.28,52.84
147,Mont-Wright,Mont-Wright,ArcelorMittal,ArcelorMittal,"(P., C.)","(C.O., Con.)","Open-pit, concentrator","Ciel ouvert, concentrateur",Fe,Fe,Iron ore,Fe,Iron ore,Minerai de fer,Fermont,Fermont,Quebec,Québec,52.757053,-67.330058,NA,02UC,-67.330058,52.757053
148,DSO (Goodwood),DSO (Goodwood),Tata Steel Minerals Canada Limited,Tata Steel Minerals Canada Limitée,(P.),(C.O.),Open-pit,Ciel ouvert,Fe,Fe,Iron ore,Fe,Iron ore,Minerai de fer,Schefferville,Schefferville,Quebec,Québec,55.09939,-67.34778,NA,03LC,-67.34778,55.09939
149,Fire Lake,Fire Lake,ArcelorMittal,ArcelorMittal,(P.),(C.O.),Open-pit,Ciel ouvert,Fe,Fe,Iron ore,Fe,Iron ore,Minerai de fer,Fermont,Fermont,Quebec,Québec,52.352998,-67.363935,NA,02TB,-67.363935,52.352998
150,Mary River,Mary River,Baffinland Iron Mines Corporation,Baffinland Iron Mines Corporation,(P.),(C.O.),Open-pit,Ciel ouvert,Fe,Fe,Iron ore,Fe,Iron ore,Minerai de fer,Pond Inlet,Pond Inlet,Nunavut,Nunavut,71.340446,-78.556869,NA,06SA,-78.556869,71.340446
151,Kearl,Kearl,Imperial Oil Ltd.,Compagnie Pétrolière Impériale Ltée,(P.),(C.O.),Open-pit,Ciel ouvert,Upgraded crude oil,Pétrole brut enrichi,Upgraded crude oil,Pétrole brut enrichi,Oil,Pétrole,Fort McMurray,Fort McMurray,Alberta,Alberta,57.396911,-111.066731,AB-17070301,07DA,-111.066731,57.396911
152,Millennium and Steepbank,Millennium et Steepbank,Suncor Energy Inc.,Suncor Énergie Inc.,(P.),(C.O.),Open-pit,Ciel ouvert,Upgraded crude oil,Pétrole brut enrichi,Upgraded crude oil,Pétrole brut enrichi,Oil,Pétrole,Fort McMurray,Fort McMurray,Alberta,Alberta,56.8719,-111.34,AB-17070101,07DA,-111.34,56.8719
153,Jackpine,Jackpine,Canadian Natural Resources Limited,Canadian Natural Resources Limited,(P.),(C.O.),Open-pit,Ciel ouvert,Upgraded crude oil,Pétrole brut enrichi,Upgraded crude oil,Pétrole brut enrichi,Oil,Pétrole,Fort MacKay,Fort MacKay,Alberta,Alberta,57.24903611,-111.3798556,AB-17070104,07DA,-111.3798556,57.24903611
154,Aurora North and South,Aurora Nord et Sud,Syncrude Canada Ltd.,Syncrude Canada Ltd.,(P.),(C.O.),Open-pit,Ciel ouvert,Upgraded crude oil,Pétrole brut enrichi,Upgraded crude oil,Pétrole brut enrichi,Oil,Pétrole,Fort MacKay,Fort MacKay,Alberta,Alberta,57.3134,-111.458,AB-17070104,07DA,-111.458,57.3134
155,Mildred Lake,Lac Mildred,Syncrude Canada Ltd.,Syncrude Canada Ltd.,(P.),(C.O.),Open-pit,Ciel ouvert,Upgraded crude oil,Pétrole brut enrichi,Upgraded crude oil,Pétrole brut enrichi,Oil,Pétrole,Fort MacKay,Fort MacKay,Alberta,Alberta,57,-111.4667,AB-17070101,07DA,-111.4667,57
156,Muskeg River,Muskeg River,Canadian Natural Resources Limited,Canadian Natural Resources Limited,(P.),(C.O.),Open-pit,Ciel ouvert,Upgraded crude oil,Pétrole brut enrichi,Upgraded crude oil,Pétrole brut enrichi,Oil,Pétrole,Fort MacKay,Fort MacKay,Alberta,Alberta,57.2465,-111.512,AB-17070104,07DA,-111.512,57.2465
157,Fort Hills,Fort Hills,Suncor Energy Inc.,Suncor Énergie Inc.,(P.),(C.O.),Open-pit,Ciel ouvert,Upgraded crude oil,Pétrole brut enrichi,Upgraded crude oil,Pétrole brut enrichi,Oil,Pétrole,Fort MacKay,Fort MacKay,Alberta,Alberta,57.3952,-111.572,AB-17070101,07DA,-111.572,57.3952
158,Horizon,Horizon,Canadian Natural Resources Limited,Canadian Natural Resources Limited,(P.),(C.O.),Open-pit,Ciel ouvert,Upgraded crude oil,Pétrole brut enrichi,Upgraded crude oil,Pétrole brut enrichi,Oil,Pétrole,Fort MacKay,Fort MacKay,Alberta,Alberta,57.33823333,-111.7749472,AB-17070101,07DA,-111.7749472,57.33823333
159,Beaver Brook,Beaver Brook,China Minmetals Rare Earth Group Co. Ltd.,China Minmetals Rare Earth Group Co. Ltd.,"(U., C.)","(Sout., Con.)","Underground, concentrator","Souterraine, concentrateur",Sb,Sb,Antimony,Antimoine,Other metals,Autres métaux,Glenwood,Glenwood,Newfoundland and Labrador,Terre-Neuve et Labrador,48.715909,-55.196,NA,02YQ,-55.196,48.715909
160,Lac Tio,Lac Tio,Rio Tinto Group,Groupe Rio Tinto,(P.),(C.O.),Open-pit,Ciel ouvert,Ilmenite,Ilménite,Ilmenite,Ilménite,Other metals,Autres métaux,Havre-Saint-Pierre,Havre-Saint-Pierre,Quebec,Québec,50.5541,-63.416,NA,02VC,-63.416,50.5541
161,Niobec,Niobec,Magris Performance Materials,Matériaux de performance Magris,"(U., C.)","(Sout., Con.)","Underground, concentrator","Souterraine, concentrateur",Nb,Nb,Niobium,Niobium,Other metals,Autres métaux,Saint-Honoré-de-Chicoutimi,Saint-Honoré-de-Chicoutimi,Quebec,Québec,48.532148,-71.156929,NA,02RH,-71.156929,48.532148
162,Point Rousse,Point Rousse,Signal Gold Inc.,Signal Gold Inc.,"(P., C.)","(C.O., Con.)","Open-pit, concentrator","Ciel ouvert, concentrateur",Au,Au,Gold,Or,Precious metals,Métaux précieux,Baie Verte,Baie Verte,Newfoundland and Labrador,Terre-Neuve et Labrador,49.96142,-56.124447,NA,02YM,-56.124447,49.96142
163,Moose River Consolidated,Moose River Consolidated,St Barbara Limited,St Barbara Limited,"(P., C.)","(C.O., Con.)","Open-pit, concentrator","Ciel ouvert, concentrateur",Au,Au,Gold,Or,Precious metals,Métaux précieux,Upper Musquodoboit,Upper Musquodoboit,Nova Scotia,Nouvelle-Écosse,44.98243,-62.94292,NA,01EL,-62.94292,44.98243
164,Éléonore,Éléonore,Newmont Corporation,Newmont Corporation,"(U., C.)","(Sout., Con.)","Underground, concentrator","Souterraine, concentrateur",Au,Au,Gold,Or,Precious metals,Métaux précieux,Opinaca Reservoir,réservoir Opinaca,Quebec,Québec,52.69889,-76.08667,NA,03CE,-76.08667,52.69889
165,Lamaque,Lamaque,Eldorado Gold,Eldorado Gold,"(U., C.)","(Sout., Con.)","Underground, concentrator","Souterraine, concentrateur",Au,Au,Gold,Or,Precious metals,Métaux précieux,Val-d’Or,Val-d’Or,Quebec,Québec,48.079221,-77.739624,ON-04NA-09,04NA,-77.739624,48.079221
166,Goldex,Goldex,Agnico Eagle Mines Limited,Mines Agnico Eagle Limitée,"(U., C.)","(Sout., Con.)","Underground, concentrator","Souterraine, concentrateur","Au, Ag","Au, Ag","Gold, Silver","Or, argent",Precious metals,Métaux précieux,Val-d’Or,Val-d’Or,Quebec,Québec,48.0926,-77.8733,ON-04NA-06,04NA,-77.8733,48.0926
167,Kiena,Kiena,Wesdome Gold Mines Ltd.,Mines d'or Wesdome Ltée,"(P., C.)","(C.O., Con.)","Open-pit, concentrator","Ciel ouvert, concentrateur",Au,Au,Gold,Or,Precious metals,Métaux précieux,Val-d’Or,Val-d’Or,Quebec,Québec,48.12,-77.91,ON-04NA-06,04NA,-77.91,48.12
168,Sleeping Giant,Géant Dormant,Abcourt Mines Inc.,Mines Abcourt inc.,(C.),(Con.),Concentrator,Concentrateur,"Au, Ag","Au, Ag","Gold, Silver","Or, argent",Precious metals,Métaux précieux,north of Amos,au nord d’Amos,Quebec,Québec,49.13259,-77.97434,ON-04NA-02,04NA,-77.97434,49.13259
169,Canadian Malartic,Canadian Malartic,Agnico Eagle Mines Limited and Yamana Gold Inc.,Mines Agnico Eagle Limitée et Yamana Gold inc.,"(P., C.)","(C.O., Con.)","Open-pit, concentrator","Ciel ouvert, concentrateur","Au, Ag","Au, Ag","Gold, Silver","Or, argent",Precious metals,Métaux précieux,Malartic,Malartic,Quebec,Québec,48.122223,-78.130824,ON-04NA-05,04NA,-78.130824,48.122223
170,LaRonde,LaRonde,Agnico Eagle Mines Limited,Mines Agnico Eagle Limitée,"(U., C.)","(Sout., Con.)","Underground, concentrator","Souterraine, concentrateur","Au, Zn, Cu, Ag, Cd","Au, Zn, Cu, Ag, Cd","Gold, zinc, copper, silver, cadmium","Or, zinc, cuivre, argent, cadmium",Precious metals,Métaux précieux,Preissac,Preissac,Quebec,Québec,48.2516,-78.428,NA,02JB,-78.428,48.2516
171,LaRonde - Zone 5,LaRonde - Zone 5,Agnico Eagle Mines Limited,Mines Agnico Eagle Limitée,(U.),(Sout.),Underground,Souterraine,Au,Au,Gold,Or,Precious metals,Métaux précieux,Preissac,Preissac,Quebec,Québec,48.2516,-78.451722,NA,02JB,-78.451722,48.2516
172,Westwood-Doyon,Westwood-Doyon,IAMGOLD Corporation,IAMGOLD Corporation,"(U., C.)","(Sout., Con.)","Underground, concentrator","Souterraine, concentrateur","Au, Ag","Au, Ag","Gold, Silver","Or, argent",Precious metals,Métaux précieux,Cadillac,Cadillac,Quebec,Québec,48.256,-78.502,NA,02JB,-78.502,48.256
173,Elder,Elder,Abcourt Mines Inc.,Mines Abcourt inc.,(U.),(Sout.),Underground,Souterraine,"Au, Ag","Au, Ag","Gold, Silver","Or, argent",Precious metals,Métaux précieux,Rouyn-Noranda,Rouyn-Noranda,Quebec,Québec,48.28639,-79.13056,NA,02JB,-79.13056,48.28639
174,Casa Berardi,Casa Berardi,Hecla Mining Company,Hecla Mining Company,"(U., C.)","(Sout., Con.)","Underground, concentrator","Souterraine, concentrateur","Au, Ag","Au, Ag","Gold, Silver","Or, argent",Precious metals,Métaux précieux,"north of La Sarre, Casa Berardi Twp.","au nord de La Sarre, canton Casa Berardi",Quebec,Québec,49.5719,-79.231307,ON-04NB-13,04NB,-79.231307,49.5719
175,Detour Lake,Detour Lake,Agnico Eagle Mines Limited,Mines Agnico Eagle Limitée,"(P., C.)","(C.O., Con.)","Open-pit, concentrator","Ciel ouvert, concentrateur",Au,Au,Gold,Or,Precious metals,Métaux précieux,Matagami,Matagami,Ontario,Ontario,50.018143,-79.717631,ON-04NB-10,04NB,-79.717631,50.018143
176,Macassa,Macassa,Agnico Eagle Mines Limited,Mines Agnico Eagle Limitée,"(U., C.)","(Sout., Con.)","Underground, concentrator","Souterraine, concentrateur","Au, Ag","Au, Ag","Gold, Silver","Or, argent",Precious metals,Métaux précieux,Kirkland Lake area,région de Kirkland Lake,Ontario,Ontario,48.142528,-80.071637,ON-02JC-12,02JC,-80.071637,48.142528
177,Black Fox,Black Fox,McEwen Mining Inc.,McEwen Mining Inc.,"(P., U., C.)","(C.O., Sout., Con.)","Open-pit, underground, concentrator","Ciel ouvert, souterraine, concentrateur",Au,Au,Gold,Or,Precious metals,Métaux précieux,Matheson,Matheson,Ontario,Ontario,48.534362,-80.340814,ON-04MB-06,04MB,-80.340814,48.534362
178,Young-Davidson,Young-Davidson,Alamos Gold Inc.,Alamos Gold Inc.,"(U., C.)","(Sout., Con.)","Underground, concentrator","Souterraine, concentrateur",Au,Au,Gold,Or,Precious metals,Métaux précieux,Kirkland Lake area,région de Kirkland Lake,Ontario,Ontario,47.94667,-80.67444,ON-02JD-04,02JD,-80.67444,47.94667
179,Hoyle Pond,Hoyle Pond,Newmont Corporation,Newmont Corporation,(U.),(Sout.),Underground,Souterraine,Au,Au,Gold,Or,Precious metals,Métaux précieux,south of Porcupine,au sud de Porcupine,Ontario,Ontario,48.5519,-81.1083,ON-04MD-08,04MD,-81.1083,48.5519
180,Bell Creek,Bell Creek,Pan American Silver Corp.,Pan American Silver Corp.,"(U., C.)","(Sout., Con.)","Underground, concentrator","Souterraine, concentrateur",Au,Au,Gold,Or,Precious metals,Métaux précieux,Timmins,Timmins,Ontario,Ontario,48.553,-81.178,ON-04MD-08,04MD,-81.178,48.553
181,Porcupine,Porcupine,Newmont Corporation,Newmont Corporation,(C.),(Con.),Concentrator,Concentrateur,Au,Au,Gold,Or,Precious metals,Métaux précieux,Timmins,Timmins,Ontario,Ontario,48.463511,-81.242719,ON-04MD-08,04MD,-81.242719,48.463511
182,Hollinger,Hollinger,Newmont Corporation,Newmont Corporation,(P.),(C.O.),Open-pit,Ciel ouvert,Au,Au,Gold,Or,Precious metals,Métaux précieux,Timmins,Timmins,Ontario,Ontario,48.4733,-81.31314,ON-04LA-01,04LA,-81.31314,48.4733
183,Timmins West,Timmins West,Pan American Silver Corp.,Pan American Silver Corp.,(U.),(Sout.),Underground,Souterraine,Au,Au,Gold,Or,Precious metals,Métaux précieux,Timmins,Timmins,Ontario,Ontario,48.383275,-81.549826,ON-04LA-06,04LA,-81.549826,48.383275
184,Borden,Borden,Newmont Corporation,Newmont Corporation,"(P., U.)","(C.O., Sout.)","Open-pit, underground","Ciel ouvert, souterraine",Au,Au,Gold,Or,Precious metals,Métaux précieux,Chapleau,Chapleau,Ontario,Ontario,47.871883,-83.260981,ON-04LE-04,04LE,-83.260981,47.871883
185,Island,Island,Alamos Gold Inc.,Alamos Gold Inc.,"(U., C.)","(Sout., Con.)","Underground, concentrator","Souterraine, concentrateur",Au,Au,Gold,Or,Precious metals,Métaux précieux,Dubreuilville,Dubreuilville,Ontario,Ontario,48.285667,-84.449604,ON-02BD-18,02BD,-84.449604,48.285667
186,Sugar Zone,Sugar Zone,Silver Lake Resources Ltd.,Silver Lake Resources Ltd.,"(U., C.)","(Sout., Con.)","Underground, concentrator","Souterraine, concentrateur",Au,Au,Gold,Or,Precious metals,Métaux précieux,White River,White River,Ontario,Ontario,48.80496,-85.00401,ON-02BC-09,02BC,-85.00401,48.80496
187,Mishi,Mishi,Wesdome Gold Mines Ltd.,Mines d’or Wesdome Ltée,(P.),(C.O.),Open-pit,Ciel ouvert,Au,Au,Gold,Or,Precious metals,Métaux précieux,Wawa,Wawa,Ontario,Ontario,48.11028,-85.4525,ON-02BC-11,02BC,-85.4525,48.11028
188,Eagle River,Eagle River,Wesdome Gold Mines Ltd.,Mines d’or Wesdome Ltée,"(U., C.)","(Sout., Con.)","Underground, concentrator","Souterraine, concentrateur",Au,Au,Gold,Or,Precious metals,Métaux précieux,Wawa,Wawa,Ontario,Ontario,47.9861,-85.4619,NA,02BD,-85.4619,47.9861
189,Hemlo (Williams),Hemlo (Williams),Barrick Gold Corporation,Barrick Gold Corporation,"(P., U., C.)","(C.O., Sout., Con.)","Open-pit, underground, concentrator","Ciel ouvert, souterraine, concentrateur",Au,Au,Gold,Or,Precious metals,Métaux précieux,Marathon,Marathon,Ontario,Ontario,48.695726,-85.91598,ON-02BB-11,02BB,-85.91598,48.695726
190,Lac des Iles,Lac des Îles,Impala Canada Ltd.,Impala Canada Ltd.,"(P., U., C.)","(C.O., Sout., Con.)","Open-pit, underground, concentrator","Ciel ouvert, souterraine, concentrateur","PGM, Au, Ni, Cu, Co","MGP, Au, Ni, Cu, Co","Platinum group metals, gold, nickel, copper, cobalt","Métaux du groupe platine, or, nickel, cuivre, cobalt",Precious metals,Métaux précieux,Thunder Bay,Thunder Bay,Ontario,Ontario,49.1691,-89.6105,ON-02AB-15,02AB,-89.6105,49.1691
191,Musselwhite,Musselwhite,Newmont Corporation,Newmont Corporation,"(U., C.)","(Sout., Con.)","Underground, concentrator","Souterraine, concentrateur","Au, Ag","Au, Ag","Gold, Silver","Or, argent",Precious metals,Métaux précieux,north of Pickle Lake,au nord de Pickle Lake,Ontario,Ontario,52.6127,-90.3636,ON-04DAB04,04DA,-90.3636,52.6127
192,Red Lake,Red Lake,Evolution Mining Ltd.,Evolution Mining Ltd.,"(U., C.)","(Sout., Con.)","Underground, concentrator","Souterraine, concentrateur","Au, Ag","Au, Ag","Gold, Silver","Or, argent",Precious metals,Métaux précieux,Balmertown,Balmertown,Ontario,Ontario,51.050557,-93.732922,ON-05QC-02,05QC,-93.732922,51.050557
193,PureGold,PureGold,Pure Gold Mining Inc.,Pure Gold Mining Inc.,"(P., C.)","(C.O., Con.)","Open-pit, concentrator","Ciel ouvert, concentrateur",Au,Au,Gold,Or,Precious metals,Métaux précieux,Red Lake,Red Lake,Ontario,Ontario,50.96932,-93.93847,ON-05QC-03,05QC,-93.93847,50.96932
194,Rainy River,Rainy River,New Gold Inc.,New Gold Inc.,"(P., U., C.)","(C.O., Sout., Con.)","Open-pit, underground, concentrator","Ciel ouvert, souterraine, concentrateur","Au, Ag","Au, Ag","Gold, Silver","Or, argent",Precious metals,Métaux précieux,Fort Frances,Fort Frances,Ontario,Ontario,48.833,-94.012,ON-05PCD04,05PC,-94.012,48.833
195,Santoy,Santoy,SSR Mining Inc.,SSR Mining Inc.,(U.),(Sout.),Underground,Souterraine,Au,Au,Gold,Or,Precious metals,Métaux précieux,Santoy Lake,Santoy Lake,Saskatchewan,Saskatchewan,55.66778,-103.414571,NA,06DD,-103.414571,55.66778
196,Seabee,Seabee,SSR Mining Inc.,SSR Mining Inc.,(C.),(Con.),Concentrator,Concentrateur,Au,Au,Gold,Or,Precious metals,Métaux précieux,Laonil Lake,Laonil Lake,Saskatchewan,Saskatchewan,55.683772,-103.622257,NA,06CD,-103.622257,55.683772
197,Brucejack,Brucejack,Newcrest Mining Ltd.,Newcrest Mining Ltd.,"(U., C.)","(Sout., Con.)","Underground, concentrator","Souterraine, concentrateur","Au, Ag","Au, Ag","Gold, Silver","Or, argent",Precious metals,Métaux précieux,Stewart,Stewart,British Columbia,Colombie-Britannique,56.47554,-130.21783,BC_233,08DD,-130.21783,56.47554
198,Eagle (Dublin Gulch),Eagle (Dublin Gulch),Victoria Gold Corporation,Victoria Gold Corporation,"(P., C.)","(C.O., Con.)","Open-pit, concentrator","Ciel ouvert, concentrateur",Au,Au,Gold,Or,Precious metals,Métaux précieux,Mayo,Mayo,Yukon,Yukon,64.0322,-135.8456,NA,09DD,-135.8456,64.0322
199,Meliadine,Meliadine,Agnico Eagle Mines Limited,Mines Agnico Eagle Limitée,"(P., U., C.)","(C.O., Sout., Con.)","Open-pit, underground, concentrator","Ciel ouvert, souterraine, concentrateur",Au,Au,Gold,Or,Precious metals,Métaux précieux,Rankin Inlet,Rankin Inlet,Nunavut,Nunavut,63.031529,-92.220206,NA,06NC,-92.220206,63.031529
200,Meadowbank,Meadowbank,Agnico Eagle Mines Limited,Mines Agnico Eagle Limitée,(C.),(Con.),Concentrator,Concentrateur,Au,Au,Gold,Or,Precious metals,Métaux précieux,Baker Lake,Baker Lake,Nunavut,Nunavut,65.0199956,-96.071313,NA,06MB,-96.071313,65.0199956
201,Amaruq,Amaruq,Agnico Eagle Mines Limited,Mines Agnico Eagle Limitée,"(P., U.)","(C.O., Sout.)","Open-pit, underground","Ciel ouvert, souterraine",Au,Au,Gold,Or,Precious metals,Métaux précieux,Baker Lake,Baker Lake,Nunavut,Nunavut,65.415,-96.697,NA,10RC,-96.697,65.415
202,Keno Hill Silver District,Keno Hill Silver District,Hecla Mining Company,Hecla Mining Company,"(U., C.)","(Sout., Con.)","Underground, concentrator","Souterraine, concentrateur","Ag, Zn, Pb","Ag, Zn, Pb","Silver, zinc, lead","Argent, zinc, plomb",Base metals and precious metals,Métaux communs et métaux précieux,Mayo,Mayo,Yukon,Yukon,63.9167,-135.4833,NA,09DD,-135.4833,63.9167
203,McClean Lake,McClean Lake,Orano Canada Inc.,Orano Canada Inc.,(C.),(Con.),Concentrator,Concentrateur,U,U,Uranium,Uranium,Uranium,Uranium,McClean Lake,McClean Lake,Saskatchewan,Saskatchewan,58.3472,-103.8361,NA,07LC,-103.8361,58.3472
204,Cigar Lake,Cigar Lake,Cameco Corporation,Cameco Corporation,(U.),(Sout.),Underground,Souterraine,U,U,Uranium,Uranium,Uranium,Uranium,Waterbury Lake,Waterbury Lake,Saskatchewan,Saskatchewan,58.06819,-104.54123,NA,07LB,-104.54123,58.06819
205,McArthur River,McArthur River,Cameco Corporation,Cameco Corporation,(U.),(Sout.),Underground,Souterraine,U,U,Uranium,Uranium,Uranium,Uranium,north of Key Lake,au nord de Key Lake,Saskatchewan,Saskatchewan,57.7637,-105.053,NA,07LB,-105.053,57.7637
206,Key Lake,Key Lake,Cameco Corporation,Cameco Corporation,(C.),(Con.),Concentrator,Concentrateur,U,U,Uranium,Uranium,Uranium,Uranium,north of Highrock Lake,au nord de Highrock Lake,Saskatchewan,Saskatchewan,57.207,-105.647,NA,06DA,-105.647,57.207
